;Unnamed: 0;Stock;Description;Model;Loss;MSE;RMSE;MAE;MAPE;R²
0;0;PETR4;Stock Data;model_1;0.0001677903783274;0.000309426557567;0.0175905246529784;0.0116195814738155;276.009.660.334.391;0.9693368889553304
1;1;VALE3;Stock Data;model_1;9,61E+10;0.0004897392237689;0.0221300525026262;0.0162537959797553;26.622.152.750.777.800;0.9868060896522236
2;2;BBDC4;Stock Data;model_1;0.0003429531934671;0.0005185340448857;0.0227713426236959;0.0164148237129857;3.240.443.982.773.820;0.9701276864882468
3;3;ITUB4;Stock Data;model_1;0.0001865059603005;0.0004093599207897;0.0202326449281777;0.0149077878560329;25.212.895.290.911.600;0.9732075624036738
4;4;PETR4;Stock Data + Google News;model_1;0.0001768629008438;0.0003347206001139;0.0182953710023587;0.0122158993936002;2.900.246.322.334.610;0.966830336054756
5;5;VALE3;Stock Data + Google News;model_1;8,96E+10;0.0003780737190752;0.0194441178528434;0.0144458315923508;2.499.097.184.780.820;0.9898144348824256
6;6;BBDC4;Stock Data + Google News;model_1;0.0003396862593945;0.0005188955597695;0.0227792791758119;0.0163700903267718;32.270.116.432.171.800;0.9701068599175416
7;7;ITUB4;Stock Data + Google News;model_1;0.0001813098206184;0.0004003366936383;0.0200084155704133;0.0145793314820538;24.623.908.554.471.600;0.9737981288907492
8;8;PETR4;Stock Data + Twitter;model_1;0.000176993678906;0.0003266813398252;0.0180743281984481;0.0121832477797833;2.887.753.086.241.010;0.9676269991882912
9;9;VALE3;Stock Data + Twitter;model_1;9,41E+10;0.0005500731564896;0.0234536384488559;0.0177300345814337;2.975.629.840.628.790;0.9851806521528156
10;10;BBDC4;Stock Data + Twitter;model_1;0.0003427577903494;0.0005141871408063;0.0226756949354657;0.0163689911069242;3.222.036.660.389.690;0.970378108003955
11;11;ITUB4;Stock Data + Twitter;model_1;0.0001835019065765;0.0004103053907823;0.020255996415442;0.0148168474079664;25.034.955.529.570.200;0.9731456817834868
12;12;PETR4;Stock Data + IFR + MMS + MME;model_1;0.0001778004079824;0.000325209777477;0.0180335736191428;0.0118988885205581;2.858.651.698.578.300;0.9677728259720232
13;13;VALE3;Stock Data + IFR + MMS + MME;model_1;0.0001010624982882;0.0004765826510421;0.0218307730289652;0.0161466934640363;27.871.908.248.321.600;0.9871605367387885
14;14;BBDC4;Stock Data + IFR + MMS + MME;model_1;0.0003495875862427;0.0005234335284184;0.0228786697257179;0.0166369754513849;3.300.321.943.095.090;0.9698454313314658
15;15;ITUB4;Stock Data + IFR + MMS + MME;model_1;0.0001992997422348;0.000451145969157;0.0212401970131399;0.0152232365557216;25.793.357.929.205.600;0.9704726828113636
16;16;PETR4;Google News + Twitter + IFR + MMS;model_1;0.0001688826014287;0.0003134573462349;0.0177047266636598;0.011756600872658;2.836.247.836.680.910;0.968937451617139
17;17;VALE3;Google News + Twitter + IFR + MMS;model_1;9,00E+10;0.0027834242457694;0.0527581675740302;0.0363635202807769;5.110.680.873.096.460;0.9250126431044624
18;18;BBDC4;Google News + Twitter + IFR + MMS;model_1;0.0003794129006564;0.0005806624874609;0.0240969393795351;0.0170722022799882;34.049.153.309.319.600;0.9665485187693488
19;19;ITUB4;Google News + Twitter + IFR + MMS;model_1;0.000223251467105;0.0005442740726311;0.0233296822231072;0.0163162739506865;27.670.088.466.237.300;0.9643774869358556
20;20;PETR4;Google News + Twitter + IFR + MME;model_1;0.0001893203734653;0.0003566673627068;0.0188856390600594;0.0122194632520442;30.010.761.448.928;0.9646554871221104
21;21;VALE3;Google News + Twitter + IFR + MME;model_1;0.0001111891178879;0.0013964682498475;0.0373693490690905;0.0271075819951091;4.265.462.068.733.740;0.9623781882320795
22;22;BBDC4;Google News + Twitter + IFR + MME;model_1;0.0003600697382353;0.0005516095976148;0.0234863704649061;0.0170567227595094;33.836.639.184.261.700;0.9682222315032905
23;23;ITUB4;Google News + Twitter + IFR + MME;model_1;0.0001957513886736;0.0004948398730701;0.0222449965850772;0.0156919018415542;2.673.597.496.865.740;0.9676129348622404
24;24;PETR4;Google News + Twitter + IFR + MME + MMS;model_1;0.0001890241692308;0.0003520225845354;0.0187622649095328;0.0121938907014032;2.998.524.575.526.740;0.9651157687151516
25;25;VALE3;Google News + Twitter + IFR + MME + MMS;model_1;0.0001171775875263;0.0016101437101221;0.0401265960445453;0.030338097944828;4.745.378.473.551.460;0.9566216248825355
26;26;BBDC4;Google News + Twitter + IFR + MME + MMS;model_1;0.0003589338157325;0.0005523234354321;0.0235015624040647;0.0169380525232298;3.378.884.740.552.400;0.9681811079024656
27;27;ITUB4;Google News + Twitter + IFR + MME + MMS;model_1;0.0002094155352097;0.0004978923596677;0.0223135017347726;0.0157238131177798;26.642.229.358.426.300;0.9674131508762506
28;0;PETR4;Stock Data;model_2;0.0002405793638899;0.0002938532448284;0.0171421481975981;0.0115506908614909;27.230.613.123.433.100;0.9708801508575814
29;1;VALE3;Stock Data;model_2;0.0001131344979512;0.0003292461400751;0.0181451409494427;0.0133990850593803;23.352.229.820.941.900;0.9911298833263316
30;2;BBDC4;Stock Data;model_2;0.000403692596592;0.0004943373715077;0.0222336990064117;0.0160288876343043;31.673.564.982.977.600;0.9715216366448838
31;3;ITUB4;Stock Data;model_2;0.0002787712728604;0.0003843670665364;0.0196052815979902;0.0143150657009981;24.170.047.159.077.100;0.9748433343831135
32;4;PETR4;Stock Data + Google News;model_2;0.000241492234636;0.0003118204403893;0.017658438220561;0.0118226664653873;2.797.333.895.800.060;0.9690996633746106
33;5;VALE3;Stock Data + Google News;model_2;0.0001287854247493;0.0003741021541228;0.0193417205574599;0.014564258661911;2.526.595.115.446.550;0.9899214315642904
34;6;BBDC4;Stock Data + Google News;model_2;0.0004775380075443;0.00055575943068;0.0235745504873388;0.0172020055471239;33.924.102.826.038.400;0.9679831630842156
35;7;ITUB4;Stock Data + Google News;model_2;0.0003539856697898;0.0004100200569301;0.0202489519958483;0.0146974694642127;24.702.627.762.243.800;0.973164356766165
36;8;PETR4;Stock Data + Twitter;model_2;0.0002520806447137;0.0003018191540277;0.0173729431596305;0.011596501958612;2.746.618.739.042.650;0.9700907565655348
37;9;VALE3;Stock Data + Twitter;model_2;0.0001231566566275;0.0003623233263494;0.019034792521839;0.0142597090935152;2.516.826.551.123.840;0.9902387612575264
38;10;BBDC4;Stock Data + Twitter;model_2;0.0004021052736788;0.0005145183811053;0.0226829976216837;0.0163190398817448;32.187.662.964.403.100;0.970359025526812
39;11;ITUB4;Stock Data + Twitter;model_2;0.0002630728995427;0.0003939543974409;0.0198482844961708;0.0145145936292706;24.460.659.024.258.100;0.9742158475385856
40;12;PETR4;Stock Data + IFR + MMS + MME;model_2;0.0002157999988412;0.000300080888047;0.017322842955101;0.0114109411139857;271.475.449.015.906;0.9702630127649032
41;13;VALE3;Stock Data + IFR + MMS + MME;model_2;0.0001270213542738;0.0004250371847226;0.0206164299703562;0.0153137238831814;26.061.105.307.650.100;0.9885492069298772
42;14;BBDC4;Stock Data + IFR + MMS + MME;model_2;0.0004869046679232;0.0004999708240237;0.0223600273708185;0.0161681765614376;31.860.219.299.342.700;0.9711970981476098
43;15;ITUB4;Stock Data + IFR + MMS + MME;model_2;0.0002330610732315;0.0003821178553219;0.0195478350546037;0.0142628739894853;24.095.575.572.087.600;0.9749905443273336
44;16;PETR4;Google News + Twitter + IFR + MMS;model_2;0.0002671039837878;0.000339256395856;0.0184189140791746;0.0119196960745098;2.948.544.525.373.300;0.9663808542468318
45;17;VALE3;Google News + Twitter + IFR + MMS;model_2;0.0001215988086187;0.0005188597915114;0.0227784940571469;0.0171930383972523;2.969.700.867.813.050;0.9860215615984692
46;18;BBDC4;Google News + Twitter + IFR + MMS;model_2;0.000512872938998;0.0005127765354906;0.0226445696689208;0.0163535821937513;3.262.081.450.948.380;0.9704593717987772
47;19;ITUB4;Google News + Twitter + IFR + MMS;model_2;0.0003029215440619;0.000411643834841;0.0202890077342648;0.0145959249314854;2.465.871.734.412.440;0.9730580811731276
48;20;PETR4;Google News + Twitter + IFR + MME;model_2;0.0002204841148341;0.0003017566447114;0.017371144024255;0.0118473215872475;2.826.521.481.410.340;0.9700969510244828
49;21;VALE3;Google News + Twitter + IFR + MME;model_2;0.0001118082000175;0.0004774979966586;0.021851727544034;0.0168125320961625;28.764.493.205.750.200;0.9871358767005166
50;22;BBDC4;Google News + Twitter + IFR + MME;model_2;0.0004103266110178;0.0005153782943205;0.0227019447255205;0.0164115367669369;32.448.567.031.267.800;0.9703094866442388
51;23;ITUB4;Google News + Twitter + IFR + MME;model_2;0.0002296602469868;0.0004090524691542;0.0202250455909062;0.0145918866651557;24.733.742.359.000.600;0.9732276849861228
52;24;PETR4;Google News + Twitter + IFR + MME + MMS;model_2;0.0002032531920121;0.0003088558807186;0.0175742960234154;0.0115716932207267;27.795.278.948.349.800;0.9693934410745502
53;25;VALE3;Google News + Twitter + IFR + MME + MMS;model_2;0.0001437679457012;0.0005745590422046;0.0239699612474574;0.0178300718716123;310.106.580.541.968;0.9845209856094196
54;26;BBDC4;Google News + Twitter + IFR + MME + MMS;model_2;0.000481612078147;0.0005155091603267;0.0227048268067982;0.016435104847463;32.763.091.673.561.100;0.9703019475628588
55;27;ITUB4;Google News + Twitter + IFR + MME + MMS;model_2;0.0002757652837317;0.0004316680696636;0.020776623153526;0.0148502396143042;25.146.554.933.155.500;0.9717475032815178
56;0;PETR4;Stock Data;model_3;0.00067081337329;0.0002795667484093;0.0167202496515254;0.0113330753872688;2.778.411.280.453.540;0.9722958936741708
57;1;VALE3;Stock Data;model_3;0.0002330110146431;0.0014772924122587;0.0384355618179153;0.0275859835399693;3.770.574.801.012.860;0.9602007299011308
58;2;BBDC4;Stock Data;model_3;0.0003613597946241;0.0004741298690523;0.0217745233943798;0.0157416646849292;2.756.103.534.902.800;0.9726857739943764
59;3;ITUB4;Stock Data;model_3;0.0001944372197613;0.0004494341018481;0.0211998608921882;0.0159890674862526;22.773.034.511.752.400;0.970584723819085
60;4;PETR4;Stock Data + Google News;model_3;0.0001769575028447;0.0003163885184216;0.0177873134121373;0.0117931674848642;27.841.223.399.175.900;0.9686469825024052
61;5;VALE3;Stock Data + Google News;model_3;0.0002542599977459;0.0070329296542403;0.0838625640810033;0.0526638500929892;35.001.470.671.362.500;0.8105280548571406
62;6;BBDC4;Stock Data + Google News;model_3;0.0003452401724644;0.0005433490648482;0.0233098490953547;0.0170430654200387;27.512.540.748.448.300;0.9686981139010076
63;7;ITUB4;Stock Data + Google News;model_3;0.0001834041904658;0.0004143944229146;0.0203566800563011;0.0147561265043315;2.255.801.252.325.700;0.9728780563207394
64;8;PETR4;Stock Data + Twitter;model_3;0.0001785528875188;0.0003066021218435;0.0175100577338732;0.0116946170236965;2.774.602.172.991.290;0.9696167808524844
65;9;VALE3;Stock Data + Twitter;model_3;0.0002511080529075;0.0084960871419333;0.0921742216779363;0.0617479344309927;3.416.763.627.012.120;0.7711095893139265
66;10;BBDC4;Stock Data + Twitter;model_3;0.0003673624887596;0.0006239904849651;0.0249798015397476;0.0182959098645141;2.762.139.095.679.510;0.96405242899849
67;11;ITUB4;Stock Data + Twitter;model_3;0.0001964513212442;0.0004459095980972;0.0211165716463928;0.0152550305346873;22.574.629.783.894.600;0.9708154011326372
68;12;PETR4;Stock Data + IFR + MMS + MME;model_3;0.0001737814454827;0.0003028586395573;0.0174028342392083;0.0117126839474139;27.540.485.705.229;0.9699877471132294
69;13;VALE3;Stock Data + IFR + MMS + MME;model_3;0.0002470123872626;0.0003824659085009;0.0195567356299813;0.0143639216520604;3.985.005.942.358.160;0.9896961062889604
70;14;BBDC4;Stock Data + IFR + MMS + MME;model_3;0.0003473163815215;0.0005220696386408;0.0228488432670206;0.0163249240879559;27.390.150.281.420.500;0.9699240038831316
71;15;ITUB4;Stock Data + IFR + MMS + MME;model_3;0.0001834383001551;0.0004860667500343;0.0220469215545932;0.0158830909475443;22.767.512.544.304.500;0.9681871321383336
72;16;PETR4;Google News + Twitter + IFR + MMS;model_3;0.0001959901564987;0.000346616119374;0.0186176292629868;0.0123341422180117;2.768.264.592.030.170;0.9656515308776128
73;17;VALE3;Google News + Twitter + IFR + MMS;model_3;0.0002565043978393;0.004105467368484;0.0640739211261805;0.0448657007893647;3.578.703.906.617.080;0.8893958952712978
74;18;BBDC4;Google News + Twitter + IFR + MMS;model_3;0.0003587822429835;0.0005696581411664;0.0238675122534045;0.0173994223199809;27.463.070.785.263.100;0.9671824699741842
75;19;ITUB4;Google News + Twitter + IFR + MMS;model_3;0.0001996142818825;0.0004621303866375;0.0214972181139221;0.0155704447537711;2.250.876.248.910.960;0.9697537572279512
76;20;PETR4;Google News + Twitter + IFR + MME;model_3;0.0001967300631804;0.0003588423672573;0.0189431350957908;0.0125370625666199;2.747.341.808.744.150;0.9644399516277424
77;21;VALE3;Google News + Twitter + IFR + MME;model_3;0.00026467393036;0.007026020868466;0.0838213628406629;0.0584052449350367;3.445.158.880.009.640;0.8107141822810724
78;22;BBDC4;Google News + Twitter + IFR + MME;model_3;0.0003532364789862;0.0006131564863471;0.0247619968166372;0.0174270772814247;27.299.926.860.112.200;0.9646765666158664
79;23;ITUB4;Google News + Twitter + IFR + MME;model_3;0.0002047622256213;0.0005292210412413;0.0230048047425176;0.0162706280724474;2.236.148.996.879.430;0.9653627016177636
80;24;PETR4;Google News + Twitter + IFR + MME + MMS;model_3;0.0002135742688551;0.0003692523887675;0.0192159410065588;0.0126442957676758;2.754.359.351.771.260;0.9634083541848676
81;25;VALE3;Google News + Twitter + IFR + MME + MMS;model_3;0.0002976362011395;0.0090587016259354;0.0951772116944779;0.0661194948578197;3.394.205.663.152.240;0.7559523695079308
82;26;BBDC4;Google News + Twitter + IFR + MME + MMS;model_3;0.0003614742017816;0.0005629000801805;0.0237255153828221;0.0173853045518119;27.373.643.915.995.500;0.9675717962267092
83;27;ITUB4;Google News + Twitter + IFR + MME + MMS;model_3;0.0002101670397678;0.0005157291986272;0.0227096719180902;0.0161128741072179;22.503.422.147.598.200;0.9662457371396572
84;0;PETR4;Stock Data;model_4;;0.0002708981530163;0.016458983960631;0.0109616950226428;26.196.785.466.633.400;0.9731549217589855
85;1;VALE3;Stock Data;model_4;;0.0735769420451005;0.2712506996214029;0.2583591970998958;4.214.912.298.943.380;-0.9822132471555808
86;2;BBDC4;Stock Data;model_4;;0.0004834344138015;0.0219871420107645;0.0157099068783988;3.119.241.647.431.230;0.9721497469377702
87;3;ITUB4;Stock Data;model_4;;0.0003630730114693;0.0190544748410808;0.0137939623413092;23.353.886.873.846.300;0.9762370214848154
88;4;PETR4;Stock Data + Google News;model_4;;0.0014145638052179;0.0376106873802903;0.0308349458619204;699.998.702.050.326;0.8598215764664292
89;5;VALE3;Stock Data + Google News;model_4;;0.0851026343101385;0.2917235580307811;0.2786218371330786;456.941.604.209.029;-1.292.723.296.301.040
90;6;BBDC4;Stock Data + Google News;model_4;;0.0004845670900332;0.0220128846368044;0.0157456379612027;3.122.421.811.465.690;0.9720844944054912
91;7;ITUB4;Stock Data + Google News;model_4;;0.0060124879152238;0.0775402341705509;0.0647328469058129;10.760.295.867.386.300;0.6064851513637763
92;8;PETR4;Stock Data + Twitter;model_4;;0.0002720706118828;0.0164945631006959;0.0110237654007629;2.628.870.322.535.630;0.973038735104865
93;9;VALE3;Stock Data + Twitter;model_4;;0.0749697349066597;0.2738060169292482;0.2611194763925173;4.266.933.960.052.260;-1.019.736.041.443.960
94;10;BBDC4;Stock Data + Twitter;model_4;;0.0020078087438274;0.0448085789088144;0.0347803537472538;6.822.719.586.196.160;0.8843318141618491
95;11;ITUB4;Stock Data + Twitter;model_4;;0.0005842425303938;0.0241711094158677;0.0185625885740909;31.122.998.922.736.500;0.9617615678972689
96;12;PETR4;Stock Data + IFR + MMS + MME;model_4;;0.0060810759081929;0.0779812535690017;0.073154744552517;16.564.085.148.685.000;0.3973862253126605
97;13;VALE3;Stock Data + IFR + MMS + MME;model_4;;0.0447363199384065;0.2115096213849538;0.193831802802093;30.397.597.814.864.700;-0.2052271206996248
98;14;BBDC4;Stock Data + IFR + MMS + MME;model_4;;0.0256552667134767;0.160172615366912;0.1495674435425091;2.818.429.820.926.020;-0.477978501221616
99;15;ITUB4;Stock Data + IFR + MMS + MME;model_4;;0.007971337633395;0.089282347826404;0.0827193459612021;13.767.707.217.608.200;0.4782792470499521
100;16;PETR4;Google News + Twitter + IFR + MMS;model_4;;0.0055105598567016;0.0742331452701668;0.0655351969913215;1.480.187.239.152.790;0.4539224101094432
101;17;VALE3;Google News + Twitter + IFR + MMS;model_4;;0.0580605658783189;0.2409576018272073;0.2242887480736299;3.580.001.454.583.750;-0.5641914385461588
102;18;BBDC4;Google News + Twitter + IFR + MMS;model_4;;0.0327546727401864;0.1809825205377204;0.1714338736816203;32.444.324.331.794.200;-0.8869693566317518
103;19;ITUB4;Google News + Twitter + IFR + MMS;model_4;;0.0041112388997886;0.0641189433770449;0.0520227591711807;8.681.749.810.214.940;0.730921113494253
104;20;PETR4;Google News + Twitter + IFR + MME;model_4;;0.0035219771922764;0.0593462483420512;0.0510513377191389;11.546.389.606.107.300;0.6509841346757501
105;21;VALE3;Google News + Twitter + IFR + MME;model_4;;0.0649086494243224;0.2547717594717327;0.2393379895083654;3.853.814.853.231.150;-0.7486835028425449
106;22;BBDC4;Google News + Twitter + IFR + MME;model_4;;0.0591412827349042;0.2431898080407652;0.2306587885639804;4.355.244.673.430.240;-2.407.079.933.842.240
107;23;ITUB4;Google News + Twitter + IFR + MME;model_4;;0.0103719570704555;0.1018428056882542;0.0833879444294619;1.382.517.080.503.530;0.3211596972515947
108;24;PETR4;Google News + Twitter + IFR + MME + MMS;model_4;;0.0032025161693965;0.056590778130333;0.0484397980314347;1.095.303.652.606.790;0.6826416268316575
109;25;VALE3;Google News + Twitter + IFR + MME + MMS;model_4;;0.066286527423506;0.2574617008867649;0.2422649547812402;390.802.452.918.838;-0.7858044805161184
110;26;BBDC4;Google News + Twitter + IFR + MME + MMS;model_4;;0.0315146087954113;0.1775235443410573;0.1682338656888099;3.188.687.030.934.540;-0.8155303078396829
111;27;ITUB4;Google News + Twitter + IFR + MME + MMS;model_4;;0.0033936841658282;0.0582553359429698;0.0471191627773036;7.897.899.858.603.310;0.7778847742124176
